step	confs	seconds	confs_per_sec	per_min_thrup
step4	509.5416666666667	5.0	101.90833333333333	6114.5
