step	confs	seconds	confs_per_sec	per_min_thrup
step1	509.85833333333335	7.0	72.837	4370.22
step2	509.85833333333335	8.0	63.73158333333333	3823.895
step3	509.85833333333335	8.0	63.73158333333333	3823.895
step4	509.85833333333335	5.0	101.97166666666666	6118.3
